INSERT INTO "public"."afdd_fault_detection_config" ("id", "target_type", "target_id", "datapoint", "aggregation", "min_value", "max_value", "logic_expression", "priority", "enabled", "alert_repeat_interval_minutes", "alert_data_silence_threshold_minutes", "created_at", "updated_at") VALUES
('0015a71c-424f-45e8-adf4-e75a9cd9a817', 'device', '6fb2ed4d-11bc-4dc5-8080-2df71346446a', 'power', 'none', 0, 5, 'x > 5', 5, 't', 5, 1, '2025-04-08 05:57:20.165384+00', '2025-04-08 05:57:20.165471+00'),
('255d1a1f-18c0-4e58-ad04-3a21696a19cf', 'device', '6fb2ed4d-11bc-4dc5-8080-2df71346446a', 'power', 'none', 0, 5, 'x > 5', 5, 't', 5, 1, '2025-04-08 05:57:16.047934+00', '2025-04-08 05:57:16.048055+00'),
('3b76deec-120d-4feb-ad36-27e9d6258271', 'device', '6c731696-ca4a-4167-9ac4-8bf31fec7e57', 'humidity', 'none', 30, 60, 'x < 30 or x > 65 or (x > 60 and temperature > 27)', 4, 't', 5, 1, '2025-04-08 05:56:32.981171+00', '2025-04-08 05:56:32.981836+00'),
('519b9d39-9e6e-44f2-b395-8fd09263d52c', 'device', 'f8b315f5-195b-4ff4-b773-81542c739ede', 'power', 'none', 0, 5, 'x > 5', 5, 't', 5, 1, '2025-04-08 05:56:57.568897+00', '2025-04-08 05:56:57.569059+00'),
('77ac8ed9-e198-4c71-a55c-ad727f042475', 'device', '86c68733-4da4-4d95-b0ba-26eed4880e98', 'humidity', 'none', 30, 60, 'x < 30 or x > 65 or (x > 60 and temperature > 27)', 4, 't', 5, 1, '2025-04-08 05:56:37.490099+00', '2025-04-08 05:56:37.490304+00'),
('784aac6d-6171-438c-b19e-888a9f3766e3', 'device', '86c68733-4da4-4d95-b0ba-26eed4880e98', 'temperature', 'none', 20, 26, 'x < 20 or x > 26 or (x > 24 and time_hour >= 0 and time_hour < 6)', 4, 't', 5, 1, '2025-04-08 05:56:14.436062+00', '2025-04-08 05:56:14.436188+00'),
('b94929e8-a4c9-48b3-a51f-4cfb53338d19', 'device', '1a064d86-6d2a-427a-8a9c-15f71df88853', 'temperature', 'none', 20, 26, 'x < 20 or x > 26 or (x > 24 and time_hour >= 0 and time_hour < 6)', 4, 't', 5, 1, '2025-04-08 05:56:21.118687+00', '2025-04-08 05:56:21.118786+00'),
('bca66218-3f0e-4330-b5f9-2e9d0a1c8187', 'device', '6c731696-ca4a-4167-9ac4-8bf31fec7e57', 'temperature', 'none', 20, 26, 'x < 20 or x > 26 or (x > 24 and time_hour >= 0 and time_hour < 6)', 4, 't', 5, 1, '2025-04-08 05:56:01.806468+00', '2025-04-08 05:56:01.807179+00'),
('cd6ccca0-ab2e-437b-8049-96823091aaf0', 'device', '1a064d86-6d2a-427a-8a9c-15f71df88853', 'humidity', 'none', 30, 60, 'x < 30 or x > 65 or (x > 60 and temperature > 27)', 4, 't', 5, 1, '2025-04-08 05:56:43.926605+00', '2025-04-08 05:56:43.926679+00'),
('e62954d4-7772-4c0d-b2fd-21d359d79cc1', 'device', '9d821104-e0ae-46c4-8eee-b9c041035425', 'power', 'none', 0, 5, 'x > 5', 5, 't', 5, 1, '2025-04-08 05:57:03.474734+00', '2025-04-08 05:57:03.474821+00'),
('f4d2395b-40c9-405e-969c-ebdab3862be5', 'device', '6c250940-9662-4378-ade9-cc6f2b813ba4', 'power', 'none', 0, 5, 'x > 5', 5, 't', 5, 1, '2025-04-08 05:57:08.998991+00', '2025-04-08 05:57:08.99908+00');

INSERT INTO "public"."afdd_management_building" ("id", "name", "type", "address", "metadata", "created_at", "updated_at") VALUES
('3f52bef7-001f-4844-a5fb-e209d769140a', '3 Seasons Hotel', 'hotel', '123 IoT Blvd', '{}', '2025-04-08 02:49:38.433279+00', '2025-04-08 02:49:38.433942+00');

INSERT INTO "public"."afdd_management_device" ("id", "name", "device_type", "serial_number", "install_date", "metadata", "created_at", "updated_at", "building_id", "floor_id", "zone_id") VALUES
('1a064d86-6d2a-427a-8a9c-15f71df88853', 'Room 103', 'iaq', 'IAQ-ROOM-103', '2025-04-05 14:00:00+00', '{"voltage_range": "220-240V"}', '2025-04-08 03:01:11.276316+00', '2025-04-08 03:01:11.276392+00', '3f52bef7-001f-4844-a5fb-e209d769140a', '5b9a7fcd-0fef-47fe-bda1-501f023c5468', 'f685ccbe-2cbe-4607-b99c-09b4d90b746d'),
('45cc791c-eec0-412c-9250-4bb1c425e343', 'Power Meter 5', 'energy', 'PM-UNIT-005', '2025-04-05 14:00:00+00', '{"location": "Main Switchboard"}', '2025-04-08 03:05:16.031502+00', '2025-04-08 03:05:16.031628+00', '3f52bef7-001f-4844-a5fb-e209d769140a', NULL, NULL),
('52e1d349-844e-4167-8901-fdc46fd3e70a', 'Room 102', 'presence', 'PRESENCE-ROOM-102', '2025-04-05 14:00:00+00', '{"voltage_range": "220-240V"}', '2025-04-08 03:02:34.35984+00', '2025-04-08 03:02:34.359953+00', '3f52bef7-001f-4844-a5fb-e209d769140a', '5b9a7fcd-0fef-47fe-bda1-501f023c5468', 'f685ccbe-2cbe-4607-b99c-09b4d90b746d'),
('6c250940-9662-4378-ade9-cc6f2b813ba4', 'Power Meter 3', 'energy', 'PM-UNIT-003', '2025-04-05 14:00:00+00', '{"location": "Main Switchboard"}', '2025-04-08 03:04:54.673712+00', '2025-04-08 03:04:54.673815+00', '3f52bef7-001f-4844-a5fb-e209d769140a', NULL, NULL),
('6c731696-ca4a-4167-9ac4-8bf31fec7e57', 'Room 101', 'iaq', 'IAQ-ROOM-101', '2025-04-05 14:00:00+00', '{"voltage_range": "220-240V"}', '2025-04-08 02:59:55.999898+00', '2025-04-08 02:59:56.000042+00', '3f52bef7-001f-4844-a5fb-e209d769140a', '5b9a7fcd-0fef-47fe-bda1-501f023c5468', 'f685ccbe-2cbe-4607-b99c-09b4d90b746d'),
('6f15fe69-e63c-451e-80e4-6bb647827666', 'Room 103', 'presence', 'PRESENCE-ROOM-103', '2025-04-05 14:00:00+00', '{"voltage_range": "220-240V"}', '2025-04-08 03:03:04.152868+00', '2025-04-08 03:03:04.152973+00', '3f52bef7-001f-4844-a5fb-e209d769140a', '5b9a7fcd-0fef-47fe-bda1-501f023c5468', 'f685ccbe-2cbe-4607-b99c-09b4d90b746d'),
('6fb2ed4d-11bc-4dc5-8080-2df71346446a', 'Power Meter 4', 'energy', 'PM-UNIT-004', '2025-04-05 14:00:00+00', '{"location": "Main Switchboard"}', '2025-04-08 03:05:05.877487+00', '2025-04-08 03:05:05.877545+00', '3f52bef7-001f-4844-a5fb-e209d769140a', NULL, NULL),
('86c68733-4da4-4d95-b0ba-26eed4880e98', 'Room 102', 'iaq', 'IAQ-ROOM-102', '2025-04-05 14:00:00+00', '{"voltage_range": "220-240V"}', '2025-04-08 03:00:31.865103+00', '2025-04-08 03:00:31.865388+00', '3f52bef7-001f-4844-a5fb-e209d769140a', '5b9a7fcd-0fef-47fe-bda1-501f023c5468', 'f685ccbe-2cbe-4607-b99c-09b4d90b746d'),
('9d821104-e0ae-46c4-8eee-b9c041035425', 'Power Meter 2', 'energy', 'PM-UNIT-002', '2025-04-05 14:00:00+00', '{"location": "Main Switchboard"}', '2025-04-08 03:04:28.911606+00', '2025-04-08 03:04:28.911771+00', '3f52bef7-001f-4844-a5fb-e209d769140a', NULL, NULL),
('ec5c8170-c97a-483a-b2be-979f7a960780', 'Room 101', 'presence', 'PRESENCE-ROOM-101', '2025-04-05 14:00:00+00', '{"voltage_range": "220-240V"}', '2025-04-08 03:02:07.290351+00', '2025-04-08 03:02:07.290535+00', '3f52bef7-001f-4844-a5fb-e209d769140a', '5b9a7fcd-0fef-47fe-bda1-501f023c5468', 'f685ccbe-2cbe-4607-b99c-09b4d90b746d'),
('f8b315f5-195b-4ff4-b773-81542c739ede', 'Power Meter 1', 'energy', 'PM-UNIT-001', '2025-04-05 14:00:00+00', '{"location": "Main Switchboard"}', '2025-04-08 03:04:16.068616+00', '2025-04-08 03:04:16.068655+00', '3f52bef7-001f-4844-a5fb-e209d769140a', NULL, NULL);

INSERT INTO "public"."afdd_management_floor" ("id", "floor_number", "name", "metadata", "created_at", "updated_at", "building_id") VALUES
('5b9a7fcd-0fef-47fe-bda1-501f023c5468', 2, 'Second Floor', '{"label": "L2", "has_elevator": true}', '2025-04-08 02:51:27.037849+00', '2025-04-08 02:51:27.037909+00', '3f52bef7-001f-4844-a5fb-e209d769140a'),
('9125d6d4-406d-4f71-9364-031345a52e3c', 1, 'Ground Floor', '{"label": "L1", "has_elevator": false}', '2025-04-08 02:51:51.357974+00', '2025-04-08 02:51:51.358177+00', '3f52bef7-001f-4844-a5fb-e209d769140a');

INSERT INTO "public"."afdd_management_physical_quantity" ("id", "datapoint", "unit", "formula", "metadata", "created_at", "updated_at", "device_id") VALUES
('13021aae-07f8-4500-b105-6c5349d666bf', 'humidity', '%RH', 'x', '{}', '2025-04-08 03:11:11.405455+00', '2025-04-08 03:11:11.40547+00', '1a064d86-6d2a-427a-8a9c-15f71df88853'),
('1f8886cf-1248-49f1-8430-0548cc59feae', 'temperature', '°C', 'x', '{}', '2025-04-08 03:10:54.814345+00', '2025-04-08 03:10:54.814473+00', '6c731696-ca4a-4167-9ac4-8bf31fec7e57'),
('29de22dc-4422-4528-823e-77eb2c5a2e41', 'power', 'kW', 'x', '{}', '2025-04-08 03:11:49.558648+00', '2025-04-08 03:11:49.558669+00', '6c250940-9662-4378-ade9-cc6f2b813ba4'),
('32038303-6b92-404d-a59f-b762e0eef019', 'online_status', 'status', 'x', '{}', '2025-04-08 03:11:26.37578+00', '2025-04-08 03:11:26.37594+00', '52e1d349-844e-4167-8901-fdc46fd3e70a'),
('38c1c808-5ff2-4f24-8a26-41d221789d93', 'online_status', 'status', 'x', '{}', '2025-04-08 03:11:19.191068+00', '2025-04-08 03:11:19.191259+00', 'ec5c8170-c97a-483a-b2be-979f7a960780'),
('3af475eb-1b3f-41e0-9b74-db1555364360', 'power', 'kW', 'x', '{}', '2025-04-08 03:11:49.558504+00', '2025-04-08 03:11:49.558537+00', '9d821104-e0ae-46c4-8eee-b9c041035425'),
('4be57027-0f7d-4139-b2b8-11b87eae9b04', 'humidity', '%RH', 'x', '{}', '2025-04-08 03:11:03.232205+00', '2025-04-08 03:11:03.232234+00', '86c68733-4da4-4d95-b0ba-26eed4880e98'),
('4d4f2faa-28cc-4be4-bdb4-aced33ea9a85', 'temperature', '°C', 'x', '{}', '2025-04-08 03:11:11.405271+00', '2025-04-08 03:11:11.405403+00', '1a064d86-6d2a-427a-8a9c-15f71df88853'),
('6372de4d-1902-4c6d-92ec-1d7ad79ec11b', 'temperature', '°C', 'x', '{}', '2025-04-08 03:11:03.231888+00', '2025-04-08 03:11:03.232092+00', '86c68733-4da4-4d95-b0ba-26eed4880e98'),
('76c5eeb4-7a75-40e2-b21e-5269ea0727dd', 'co2', 'ppm', 'x', '{}', '2025-04-08 03:11:03.232335+00', '2025-04-08 03:11:03.232363+00', '86c68733-4da4-4d95-b0ba-26eed4880e98'),
('77449183-dcc6-4266-a62a-b095b2c6e79f', 'sensitivity', '%', 'x', '{}', '2025-04-08 03:11:33.878857+00', '2025-04-08 03:11:33.878874+00', '6f15fe69-e63c-451e-80e4-6bb647827666'),
('82dbfdaa-2a01-4a20-95e3-b273554741f8', 'sensitivity', '%', 'x', '{}', '2025-04-08 03:11:19.19137+00', '2025-04-08 03:11:19.1914+00', 'ec5c8170-c97a-483a-b2be-979f7a960780'),
('8de8c92f-2bd7-4742-be85-11193dcc42ec', 'co2', 'ppm', 'x', '{}', '2025-04-08 03:10:54.814598+00', '2025-04-08 03:10:54.814614+00', '6c731696-ca4a-4167-9ac4-8bf31fec7e57'),
('8f05cabf-dcfc-4e82-bbf1-b70a9f5f7225', 'power', 'kW', 'x', '{}', '2025-04-08 03:11:49.558722+00', '2025-04-08 03:11:49.558737+00', '6fb2ed4d-11bc-4dc5-8080-2df71346446a'),
('95e06b8d-9120-46f4-85ad-1ca663b87f27', 'power', 'kW', 'x', '{}', '2025-04-08 03:11:49.558234+00', '2025-04-08 03:11:49.558372+00', 'f8b315f5-195b-4ff4-b773-81542c739ede'),
('97c064b9-367c-4cbd-b9ac-a3e3d506611d', 'presence_state', 'state', 'x', '{}', '2025-04-08 03:11:26.376069+00', '2025-04-08 03:11:26.376083+00', '52e1d349-844e-4167-8901-fdc46fd3e70a'),
('a2b0ecb0-d142-4cd1-9a1b-600d65a5ab0b', 'co2', 'ppm', 'x', '{}', '2025-04-08 03:11:11.405516+00', '2025-04-08 03:11:11.40553+00', '1a064d86-6d2a-427a-8a9c-15f71df88853'),
('b3f97ed6-f6a4-4291-9df9-b7e6252dde87', 'presence_state', 'state', 'x', '{}', '2025-04-08 03:11:19.191501+00', '2025-04-08 03:11:19.19153+00', 'ec5c8170-c97a-483a-b2be-979f7a960780'),
('b97cf5e0-f9a7-4077-8a41-c44571779886', 'humidity', '%RH', 'x', '{}', '2025-04-08 03:10:54.814532+00', '2025-04-08 03:10:54.814548+00', '6c731696-ca4a-4167-9ac4-8bf31fec7e57'),
('cf06b46a-492a-4c6d-8614-8275c5215420', 'sensitivity', '%', 'x', '{}', '2025-04-08 03:11:26.376005+00', '2025-04-08 03:11:26.37602+00', '52e1d349-844e-4167-8901-fdc46fd3e70a'),
('cf3b5b97-24d5-449e-a093-b950d4e23342', 'online_status', 'status', 'x', '{}', '2025-04-08 03:11:33.878664+00', '2025-04-08 03:11:33.878795+00', '6f15fe69-e63c-451e-80e4-6bb647827666'),
('cf5c3ab7-8d02-48a5-8810-ecad27daec57', 'presence_state', 'state', 'x', '{}', '2025-04-08 03:11:33.878931+00', '2025-04-08 03:11:33.878949+00', '6f15fe69-e63c-451e-80e4-6bb647827666'),
('ecf1606d-5834-457a-8281-ec63a40575a7', 'power', 'kW', 'x', '{}', '2025-04-08 03:11:49.558787+00', '2025-04-08 03:11:49.558801+00', '45cc791c-eec0-412c-9250-4bb1c425e343');

INSERT INTO "public"."afdd_management_zone" ("id", "name", "metadata", "created_at", "updated_at", "floor_id") VALUES
('2b983d83-6940-4125-91cd-796fa758701c', 'Main Power', '{"has_ac": false}', '2025-04-08 02:54:44.996526+00', '2025-04-08 02:54:44.996641+00', '9125d6d4-406d-4f71-9364-031345a52e3c'),
('f685ccbe-2cbe-4607-b99c-09b4d90b746d', 'Living Area', '{"has_ac": true}', '2025-04-08 02:54:22.340063+00', '2025-04-08 02:54:22.340155+00', '5b9a7fcd-0fef-47fe-bda1-501f023c5468');
